Feature,Importance
Bank_Account_Access,0.5551774652482386
IMR_Health,0.14319173731487927
Avg_MPCE,0.07153947211780452
Secondary_Dropout,0.06261302472918545
Sanitation_Access,0.06028249240281731
Nutrition_Stunting,0.05071797841507631
Literacy_Rate,0.03215419548115491
Unemployment_Rate,0.02432363429084347
